Cash Eruption								
								
Summary:								
								
SWID	Max RTP	Min RTP	Top Award*	Top Award Odds*	Worst Case Odds w/o Modifiers	Worst Case Odds w/ Modifiers	Max Total Bet in Coins	Min Total Bet in Coins
200-1637-001	0.960000018370437	0.960000018370437	1000000	4986475.32029659	4986475.320296586	4986475.320296586	4000	20
200-1637-002	0.950000015007889	0.950000015007889	1000000	4986475.320296586	4986475.320296586	4986475.320296586	4000	20
200-1637-003	0.931000016534967	0.931000016534967	1000000	4986475.320296586	4986475.320296586	4986475.320296586	4000	20
								
*Grand Prize on bet multiplier 1.								
								
								
								