{
  "fixtureId": "3x5-5lines",
  "family": "Lines",
  "seedCount": 50,
  "spinsPerSeed": 20000,
  "seeds": [
    10007,
    10009,
    10037,
    10039,
    10061,
    10067,
    10069,
    10079,
    10091,
    10093,
    10099,
    10103,
    10111,
    10133,
    10139,
    10141,
    10151,
    10159,
    10163,
    10169,
    10177,
    10181,
    10193,
    10211,
    10223,
    10243,
    10247,
    10253,
    10259,
    10267,
    10271,
    10273,
    10289,
    10301,
    10303,
    10313,
    10321,
    10331,
    10333,
    10337,
    10343,
    10357,
    10369,
    10391,
    10399,
    10427,
    10429,
    10433,
    10453,
    10457
  ],
  "rtp": {
    "mean": 0.9829920999999318,
    "stddev": 0.012213511508042904,
    "coefficientOfVariation": 0.012424831804898282,
    "min": 0.9618599999999325,
    "max": 1.0156599999999276,
    "p05": 0.9631059999999332,
    "p50": 0.9817399999999323,
    "p95": 1.0036964999999274,
    "values": [
      0.97529999999993,
      0.9842199999999328,
      0.9909049999999282,
      0.9812899999999314,
      0.9906299999999318,
      0.9670999999999335,
      0.9624199999999331,
      1.0156599999999276,
      0.985349999999934,
      0.9737649999999343,
      0.9947499999999297,
      0.9618599999999325,
      0.9689249999999368,
      0.9782049999999346,
      0.9911749999999316,
      0.9894749999999318,
      0.9758349999999333,
      0.9839199999999344,
      0.9759449999999348,
      0.9782299999999341,
      0.9843849999999329,
      0.9914699999999289,
      0.9734349999999359,
      0.9821899999999334,
      0.9890199999999324,
      1.011509999999926,
      0.9810699999999369,
      0.9627099999999346,
      0.9759799999999341,
      0.9730149999999336,
      0.9986949999999287,
      0.9994149999999264,
      0.9934299999999304,
      0.9805799999999326,
      1.0028549999999317,
      0.9715049999999384,
      0.9775099999999296,
      0.9713399999999316,
      0.9861299999999268,
      0.9907299999999308,
      1.0043849999999237,
      0.9916349999999319,
      0.9918749999999321,
      0.9695699999999335,
      0.9801699999999343,
      0.9763149999999303,
      0.9773799999999339,
      0.9847849999999324,
      0.9635899999999316,
      0.9879649999999336
    ]
  },
  "hitRate": {
    "mean": 0.60564,
    "stddev": 0.003584789294465477
  },
  "runtimeMs": 6041
}
