{
  "fixtureId": "5x3-243ways",
  "family": "Ways",
  "seedCount": 30,
  "spinsPerSeed": 5000,
  "seeds": [
    10007,
    10009,
    10037,
    10039,
    10061,
    10067,
    10069,
    10079,
    10091,
    10093,
    10099,
    10103,
    10111,
    10133,
    10139,
    10141,
    10151,
    10159,
    10163,
    10169,
    10177,
    10181,
    10193,
    10211,
    10223,
    10243,
    10247,
    10253,
    10259,
    10267
  ],
  "rtp": {
    "mean": 298.0773846666661,
    "stddev": 24.241002366763446,
    "coefficientOfVariation": 0.08132452716556028,
    "min": 239.37275999999918,
    "max": 350.1532199999996,
    "p05": 271.5861199999993,
    "p50": 295.1126299999993,
    "p95": 337.3591079999998,
    "values": [
      337.6504199999997,
      288.2958999999992,
      271.8028199999994,
      310.74705999999924,
      319.68613999999957,
      319.8708399999995,
      337.00305999999995,
      296.6767399999993,
      295.44273999999933,
      323.84403999999904,
      350.1532199999996,
      331.9744799999996,
      299.2336199999994,
      285.422839999999,
      271.4088199999993,
      307.13515999999925,
      277.08433999999966,
      294.78251999999924,
      239.37275999999918,
      305.64401999999933,
      293.80947999999927,
      283.8489399999993,
      282.11733999999944,
      281.0106599999994,
      276.72201999999913,
      317.82169999999957,
      277.7115399999992,
      284.1116999999995,
      303.3080199999995,
      278.6285999999993
    ]
  },
  "hitRate": {
    "mean": 0.7919066666666665,
    "stddev": 0.005590073303654421
  },
  "runtimeMs": 1261
}
