{
  "fixtureId": "classic-3x3-lines",
  "family": "Lines",
  "seedCount": 50,
  "spinsPerSeed": 20000,
  "seeds": [
    10007,
    10009,
    10037,
    10039,
    10061,
    10067,
    10069,
    10079,
    10091,
    10093,
    10099,
    10103,
    10111,
    10133,
    10139,
    10141,
    10151,
    10159,
    10163,
    10169,
    10177,
    10181,
    10193,
    10211,
    10223,
    10243,
    10247,
    10253,
    10259,
    10267,
    10271,
    10273,
    10289,
    10301,
    10303,
    10313,
    10321,
    10331,
    10333,
    10337,
    10343,
    10357,
    10369,
    10391,
    10399,
    10427,
    10429,
    10433,
    10453,
    10457
  ],
  "rtp": {
    "mean": 0.5542164999999906,
    "stddev": 0.007207824422677895,
    "coefficientOfVariation": 0.013005430951041728,
    "min": 0.5408599999999909,
    "max": 0.5688149999999882,
    "p05": 0.5440944999999925,
    "p50": 0.5544599999999906,
    "p95": 0.5648447499999877,
    "values": [
      0.5452799999999902,
      0.5544549999999911,
      0.5455599999999914,
      0.546359999999992,
      0.5448999999999922,
      0.5579899999999907,
      0.5593849999999891,
      0.549124999999991,
      0.5544649999999902,
      0.547274999999993,
      0.5510849999999905,
      0.5615749999999898,
      0.5624749999999884,
      0.5560749999999884,
      0.5536999999999913,
      0.5653599999999878,
      0.5440999999999938,
      0.5478249999999925,
      0.5553349999999904,
      0.5604799999999914,
      0.5602049999999918,
      0.5583499999999911,
      0.5470999999999919,
      0.5507899999999921,
      0.5614099999999914,
      0.5655149999999908,
      0.5505999999999893,
      0.5642149999999876,
      0.5558549999999897,
      0.5603949999999902,
      0.5498949999999926,
      0.5487199999999892,
      0.5618899999999901,
      0.5688149999999882,
      0.5617599999999906,
      0.5440899999999914,
      0.5443149999999926,
      0.5534499999999909,
      0.5499699999999922,
      0.5552399999999912,
      0.5565499999999908,
      0.5574649999999907,
      0.5544449999999902,
      0.5634699999999889,
      0.5640149999999913,
      0.5504249999999906,
      0.5410949999999909,
      0.5475049999999922,
      0.5596099999999912,
      0.5408599999999909
    ]
  },
  "hitRate": {
    "mean": 0.4696400000000001,
    "stddev": 0.0038076721690474837
  },
  "runtimeMs": 4325
}
