{
  "fixtureId": "cluster-7x7",
  "family": "Cluster",
  "seedCount": 30,
  "spinsPerSeed": 5000,
  "seeds": [
    10007,
    10009,
    10037,
    10039,
    10061,
    10067,
    10069,
    10079,
    10091,
    10093,
    10099,
    10103,
    10111,
    10133,
    10139,
    10141,
    10151,
    10159,
    10163,
    10169,
    10177,
    10181,
    10193,
    10211,
    10223,
    10243,
    10247,
    10253,
    10259,
    10267
  ],
  "rtp": {
    "mean": 28.327240000000526,
    "stddev": 0.4110517314872118,
    "coefficientOfVariation": 0.014510828851917948,
    "min": 27.5583000000006,
    "max": 29.1649200000006,
    "p05": 27.591983000000468,
    "p50": 28.424590000000585,
    "p95": 28.97721200000054,
    "values": [
      28.46120000000056,
      28.58164000000047,
      28.017000000000543,
      27.5583000000006,
      28.591680000000515,
      28.57940000000046,
      28.379820000000535,
      29.1649200000006,
      28.411280000000563,
      28.624920000000547,
      28.96806000000049,
      27.85994000000048,
      28.239540000000602,
      27.857540000000487,
      27.926660000000503,
      28.132980000000494,
      27.592060000000526,
      28.26732000000045,
      28.100540000000468,
      28.53118000000062,
      28.62006000000058,
      28.454840000000544,
      28.984700000000583,
      28.75050000000057,
      28.440560000000445,
      28.437900000000607,
      28.19180000000052,
      27.59192000000042,
      27.938140000000544,
      28.560800000000594
    ]
  },
  "hitRate": {
    "mean": 0.9931733333333334,
    "stddev": 0.0012337029579707383
  },
  "runtimeMs": 20914
}
