{
  "fixtureId": "pay-anywhere",
  "family": "Pay-Anywhere",
  "seedCount": 30,
  "spinsPerSeed": 5000,
  "seeds": [
    10007,
    10009,
    10037,
    10039,
    10061,
    10067,
    10069,
    10079,
    10091,
    10093,
    10099,
    10103,
    10111,
    10133,
    10139,
    10141,
    10151,
    10159,
    10163,
    10169,
    10177,
    10181,
    10193,
    10211,
    10223,
    10243,
    10247,
    10253,
    10259,
    10267
  ],
  "rtp": {
    "mean": 243.64377933333444,
    "stddev": 6.151844499582928,
    "coefficientOfVariation": 0.02524933949233505,
    "min": 230.74458000000087,
    "max": 253.29176000000135,
    "p05": 232.90222300000082,
    "p50": 243.78394000000125,
    "p95": 252.69886400000107,
    "values": [
      246.52450000000107,
      252.53624000000107,
      233.96316000000095,
      248.4382600000012,
      246.24856000000094,
      246.99130000000125,
      244.56154000000106,
      253.29176000000135,
      251.96046000000126,
      241.7322000000012,
      244.32056000000117,
      243.48818000000074,
      243.43210000000127,
      242.17122000000128,
      247.926540000001,
      243.9761600000012,
      241.71794000000133,
      241.56584000000112,
      233.53590000000085,
      243.59172000000132,
      241.33542000000108,
      248.36462000000105,
      250.505280000001,
      240.34824000000103,
      232.3837600000008,
      237.81366000000122,
      230.74458000000087,
      247.4667400000012,
      235.54502000000096,
      252.83192000000108
    ]
  },
  "hitRate": {
    "mean": 1,
    "stddev": 0
  },
  "runtimeMs": 1606
}
