{
  "dcv": [
    [
      -0.4309455327707508,
      0.28729702186147676
    ],
    [
      -0.4309455327707508,
      0.28729702186147676
    ],
    [
      -0.4309455327603887,
      0.2872970218481541
    ],
    [
      -0.17927863651771384,
      0.11951909100564131
    ],
    [
      0.02152112250556707,
      -0.014347414996803327
    ]
  ],
  "drtp": [
    [
      0.030336000000213966,
      -0.020224000000142645
    ],
    [
      0.030336000000213966,
      -0.020224000000142645
    ],
    [
      0.030335999999890152,
      -0.02022399999972631
    ],
    [
      0.02073600000015533,
      -0.013823999999903098
    ],
    [
      0.009216000000043337,
      -0.006143999999828434
    ]
  ],
  "model_cv": 5.566287480996861,
  "model_rtp": 0.2022400000000001,
  "sha256_hex": "4fed7b1d2b565800577659bea0aabcc31b066ee7759bc72b5bc7e1dda297aa43",
  "source_model": {
    "anchor": 0,
    "min_match": 3,
    "n_reels": 5,
    "n_symbols": 2,
    "paylines": 20,
    "paytable": [
      [
        1.0,
        4.0,
        10.0
      ],
      []
    ],
    "weights": [
      [
        4.0,
        6.0
      ],
      [
        4.0,
        6.0
      ],
      [
        4.0,
        6.0
      ],
      [
        4.0,
        6.0
      ],
      [
        4.0,
        6.0
      ]
    ]
  }
}
