{
  "B2": "Fort Knox Wolf Run",
  "B4": "Copyright © 2025 IGT. All rights reserved.",
  "B5": "Confidential: Do not copy or disclose without permission.",
  "B6": "Released: 9-SEP-2025",
  "B7": "Summary:",
  "B9": "SWID",
  "C9": "Max RTP",
  "D9": "Min RTP",
  "E9": "Top Award",
  "F9": "Top Award Odds",
  "G9": "Top Award w/ modifiers ",
  "H9": "Top Award Odds w/ modifiers",
  "I9": "Max Total Bet",
  "J9": "Min Total Bet",
  "B10": "200-1775-001",
  "C10": 0.9644427593984409,
  "D10": 0.9644426651579753,
  "E10": "Progressive",
  "F10": 7499999.999999999,
  "G10": "Progressive",
  "H10": 7499999.999999999,
  "I10": 12000,
  "J10": 40,
  "B11": "200-1775-002",
  "C11": 0.9432110431824487,
  "D11": 0.9432110431824487,
  "E11": "Progressive",
  "F11": 7499999.999999999,
  "G11": "Progressive",
  "H11": 7499999.999999999,
  "I11": 12000,
  "J11": 40,
  "B13": "*Top Award is the Progressive award in the Fort Knox Bonus. ",
  "B14": "1 in 7,500,000 at min bet. Odds scale linearly with the bet.",
  "B21": "Bet Multiplier",
  "C21": "Coin Value",
  "D21": "Total Bet",
  "E21": "Max Exposure Paymodel 001",
  "F21": "Max Exposure Paymodel 002",
  "B22": 1,
  "C22": 0.01,
  "D22": 0.4,
  "E22": 10064,
  "F22": 10064,
  "B23": 2,
  "C23": 0.02,
  "D23": 0.8,
  "E23": 10128,
  "F23": 10128,
  "B24": 3,
  "C24": 0.03,
  "D24": 1.2000000000000002,
  "E24": 10192,
  "F24": 10192,
  "B25": 4,
  "C25": 0.04,
  "D25": 1.6,
  "E25": 10256,
  "F25": 10256,
  "B26": 5,
  "C26": 0.05,
  "D26": 2,
  "E26": 10400,
  "F26": 10421,
  "B27": 6,
  "C27": 0.06,
  "D27": 2.4000000000000004,
  "E27": 10480,
  "F27": 10558,
  "B28": 7,
  "C28": 0.07,
  "D28": 2.8000000000000003,
  "E28": 10560,
  "F28": 10600,
  "B29": 8,
  "C29": 0.08,
  "D29": 3.2,
  "E29": 10640,
  "F29": 10640,
  "B30": 9,
  "C30": 0.09,
  "D30": 3.6,
  "E30": 10720,
  "F30": 10720,
  "B31": 10,
  "C31": 0.1,
  "D31": 4,
  "E31": 10873,
  "F31": 11330,
  "B32": 15,
  "C32": 0.15,
  "D32": 6,
  "E32": 13000,
  "F32": 12400,
  "B33": 20,
  "C33": 0.2,
  "D33": 8,
  "E33": 14000,
  "F33": 14000,
  "B34": 25,
  "C34": 0.25,
  "D34": 10,
  "E34": 14432,
  "F34": 15632,
  "B35": 30,
  "C35": 0.3,
  "D35": 12,
  "E35": 18639,
  "F35": 19719,
  "B36": 40,
  "C36": 0.4,
  "D36": 16,
  "E36": 24692,
  "F36": 24692,
  "B37": 50,
  "C37": 0.5,
  "D37": 20,
  "E37": 32065,
  "F37": 31665,
  "B38": 70,
  "C38": 0.7,
  "D38": 28,
  "E38": 45170,
  "F38": 43210,
  "B39": 80,
  "C39": 0.8,
  "D39": 32,
  "E39": 48103,
  "F39": 48743,
  "B40": 100,
  "C40": 1,
  "D40": 40,
  "E40": 59329,
  "F40": 62529,
  "B41": 120,
  "C41": 1.2,
  "D41": 48,
  "E41": 75035.00000000006,
  "F41": 75035,
  "B42": 150,
  "C42": 1.5,
  "D42": 60,
  "E42": 94994,
  "F42": 92594,
  "B43": 160,
  "C43": 1.6,
  "D43": 64,
  "E43": 109647,
  "F43": 103887,
  "B44": 200,
  "C44": 2,
  "D44": 80,
  "E44": 129858,
  "F44": 133858,
  "B45": 300,
  "C45": 3,
  "D45": 120,
  "E45": 191188,
  "F45": 201988
}