{
  "schemaVersion": "1.0",
  "generatedAt": "2026-05-16T00:18:17.880Z",
  "configHash": null,
  "game": {
    "name": "Cascade Drop 6x5",
    "version": "1.0.0",
    "mathVersion": "sample-run",
    "layout": "6x5 (cluster)",
    "paySystem": "cluster",
    "paylines": 0,
    "targetRTP": 96,
    "maxWin": 5000
  },
  "simulation": {
    "spins": 100000,
    "seed": 12345,
    "engineVersion": "slot-math-engine-template @ a5679c9+",
    "paytableScaleFactor": 0.08064593360522278,
    "preScaleRTP": 11.903885999998252,
    "rngBackend": "mulberry32"
  },
  "results": {
    "observedRTP": 0.9599999999999393,
    "rtpPercent": 95.99999999999393,
    "errorMargin": 0.006198064213930023,
    "ci95Lower": 0.9538019357860094,
    "ci95Upper": 0.9661980642138693,
    "rtpBreakdown": {
      "base": 0,
      "free_spins": 0,
      "hold_and_win": 0,
      "cascade": 0.9599999999999393,
      "pick": 0,
      "wheel": 0,
      "respin": 0,
      "gamble": 0
    },
    "hitRate": 0.88443,
    "deadSpinRate": 0.11556999999999995,
    "maxObservedWin": 48.76659605107821
  },
  "volatility": {
    "vi95": 37.8847660366125,
    "vi99": 49.791406790976424,
    "stdDev": 19.328962263577804,
    "p99": 88.3,
    "p999": 164.30030000000116,
    "p9999": 283.2000100000004,
    "paretoTail": {
      "alpha": 2.5796931539243637,
      "xm": 47.7,
      "ksPValue": 3.1709550559709673e-9
    }
  },
  "features": [
    {
      "id": "cascade",
      "name": "Cascade",
      "triggerRate": 0.8844299999999999,
      "frequency": "1 in 1",
      "rtpContribution": 0.9599999999999393,
      "transitionMatrix": [
        [
          1,
          0
        ],
        [
          0,
          1
        ]
      ]
    }
  ],
  "notes": [
    "Generic-mechanic sample — no game / vendor IP.",
    "Family: Cascade; mechanic: cascade.",
    "Sampled by scripts/par-samples-generate.mjs at 100,000 spins, seed 12345.",
    "Two-pass auto-scale: paytable multiplied by 8.0646e-2 to match target_rtp = 96.00% (pre-scale observed RTP = 1190.39%).",
    "Wave 45 extra-credit fields backfilled (volatility quantiles, Pareto tail fit, CI bands, transition matrix placeholders)."
  ],
  "compliance": {
    "standard": "GLI-16",
    "submitter": "Slot Math Engine Template (P0 #4 sample set)",
    "cycleSize": 100000
  },
  "ciBands": {
    "seedCount": 5,
    "seedRtps": [
      11.903885999998252,
      11.984898999998178,
      11.849802999998092,
      11.849136999998079,
      11.90045599999813
    ],
    "meanRtp": 11.897636199998146,
    "stdDev": 0.05545717933419105,
    "se95Lower": 11.84902583904814,
    "se95Upper": 11.946246560948152
  }
}