{
  "schemaVersion": "1.0",
  "generatedAt": "2026-05-16T00:21:51.225Z",
  "configHash": null,
  "game": {
    "name": "Complex 6x4 Variable-Rows",
    "version": "1.0.0",
    "mathVersion": "sample-run",
    "layout": "6x(variable)",
    "paySystem": "ways",
    "paylines": 0,
    "targetRTP": 96,
    "maxWin": 5000
  },
  "simulation": {
    "spins": 100000,
    "seed": 12345,
    "engineVersion": "slot-math-engine-template @ a5679c9+",
    "paytableScaleFactor": 0.0000016314854642676238,
    "preScaleRTP": 527750.1446760009,
    "nonLinearTuner": {
      "iterations": 6,
      "converged": true,
      "finalScale": 0.0000016314854642676238
    },
    "rngBackend": "mulberry32"
  },
  "results": {
    "observedRTP": 0.9574834520198652,
    "rtpPercent": 95.74834520198652,
    "errorMargin": 0.006198064213930023,
    "ci95Lower": 0.9512853878059352,
    "ci95Upper": 0.9636815162337952,
    "rtpBreakdown": {
      "base": 0.000021128544347570578,
      "free_spins": 0.03398958441977539,
      "hold_and_win": 0.09562,
      "cascade": 0.8189739782842067,
      "pick": 0,
      "wheel": 0,
      "respin": 0,
      "gamble": 0.008878760771526974
    },
    "hitRate": 0.45453,
    "deadSpinRate": 0.54547,
    "maxObservedWin": 266.4636735698813
  },
  "volatility": {
    "vi95": 2213974.4379054965,
    "vi99": 2909794.9755329383,
    "stdDev": 1129578.7948497431,
    "p99": 5030934.079999989,
    "p999": 11138135.297600126,
    "p9999": 21205649.4900033,
    "paretoTail": {
      "alpha": 2.2145913089428455,
      "xm": 2425688.5999999987,
      "ksPValue": 1.5180347155596383e-10
    }
  },
  "features": [
    {
      "id": "free_spins",
      "name": "Free Spins",
      "triggerRate": 0.22641999999999998,
      "frequency": "1 in 4",
      "rtpContribution": 0.03398958441977539
    },
    {
      "id": "hold_and_win",
      "name": "Hold And Win",
      "triggerRate": 0.00232,
      "frequency": "1 in 431",
      "rtpContribution": 0.09562,
      "transitionMatrix": [
        [
          1,
          0
        ],
        [
          0,
          1
        ]
      ]
    },
    {
      "id": "cascade",
      "name": "Cascade",
      "triggerRate": 0.8702699999999999,
      "frequency": "1 in 1",
      "rtpContribution": 0.8189739782842067,
      "transitionMatrix": [
        [
          1,
          0
        ],
        [
          0,
          1
        ]
      ]
    },
    {
      "id": "gamble",
      "name": "Gamble",
      "triggerRate": 0.89517,
      "frequency": "1 in 1",
      "rtpContribution": 0.008878760771526974
    }
  ],
  "notes": [
    "Generic-mechanic sample — no game / vendor IP.",
    "Family: Variable-Rows; mechanic: variable_ways.",
    "Sampled by scripts/par-samples-generate.mjs at 100,000 spins, seed 12345.",
    "Two-pass auto-scale: paytable multiplied by 1.6315e-6 to match target_rtp = 96.00% (pre-scale observed RTP = 52775014.47%).",
    "Non-linear PAR tuner (P0 #4.2): 6 bisection iter(s), converged=true (tolerance ±0.5% RTP).",
    "Wave 45 extra-credit fields backfilled (volatility quantiles, Pareto tail fit, CI bands, transition matrix placeholders)."
  ],
  "compliance": {
    "standard": "GLI-16",
    "submitter": "Slot Math Engine Template (P0 #4 sample set)",
    "cycleSize": 100000
  },
  "ciBands": {
    "seedCount": 5,
    "seedRtps": [
      523093.4160339984,
      526765.9795260018,
      522014.24060600175,
      517814.134062004,
      527504.0357540024
    ],
    "meanRtp": 523438.3611964017,
    "stdDev": 3917.3266022944313,
    "se95Lower": 520004.67303586466,
    "se95Upper": 526872.0493569388
  }
}