{
  "schemaVersion": "1.0",
  "generatedAt": "2026-05-16T00:22:05.928Z",
  "configHash": null,
  "game": {
    "name": "Free Spins Sticky Wilds",
    "version": "1.0.0",
    "mathVersion": "sample-run",
    "layout": "5x3",
    "paySystem": "lines",
    "paylines": 5,
    "targetRTP": 96,
    "maxWin": 5000
  },
  "simulation": {
    "spins": 100000,
    "seed": 12345,
    "engineVersion": "slot-math-engine-template @ a5679c9+",
    "paytableScaleFactor": 0.42152814490738716,
    "preScaleRTP": 2.2774279999996656,
    "rngBackend": "mulberry32"
  },
  "results": {
    "observedRTP": 0.9600000000003973,
    "rtpPercent": 96.00000000003973,
    "errorMargin": 0.006198064213930023,
    "ci95Lower": 0.9538019357864673,
    "ci95Upper": 0.9661980642143273,
    "rtpBreakdown": {
      "base": 0.717421512337893,
      "free_spins": 0.24257848766243412,
      "hold_and_win": 0,
      "cascade": 0,
      "pick": 0,
      "wheel": 0,
      "respin": 0,
      "gamble": 0
    },
    "hitRate": 0.4885,
    "deadSpinRate": 0.5115000000000001,
    "maxObservedWin": 84.51639305393113
  },
  "volatility": {
    "vi95": 11.09485868033053,
    "vi99": 14.581814265577268,
    "stdDev": 5.660642183842107,
    "p99": 24.6,
    "p999": 56.50010000000039,
    "p9999": 107.80002000000094,
    "paretoTail": {
      "alpha": 1.9323057162093924,
      "xm": 12,
      "ksPValue": 2.172853913365416e-50
    }
  },
  "features": [
    {
      "id": "free_spins",
      "name": "Free Spins",
      "triggerRate": 0.06642,
      "frequency": "1 in 15",
      "rtpContribution": 0.24257848766243412,
      "transitionMatrix": [
        [
          1,
          0
        ],
        [
          0,
          1
        ]
      ]
    }
  ],
  "notes": [
    "Generic-mechanic sample — no game / vendor IP.",
    "Family: Free-Spins; mechanic: free_spins.",
    "Sampled by scripts/par-samples-generate.mjs at 100,000 spins, seed 12345.",
    "Two-pass auto-scale: paytable multiplied by 4.2153e-1 to match target_rtp = 96.00% (pre-scale observed RTP = 227.74%).",
    "Wave 45 extra-credit fields backfilled (volatility quantiles, Pareto tail fit, CI bands, transition matrix placeholders)."
  ],
  "compliance": {
    "standard": "GLI-16",
    "submitter": "Slot Math Engine Template (P0 #4 sample set)",
    "cycleSize": 100000
  },
  "ciBands": {
    "seedCount": 5,
    "seedRtps": [
      2.2774279999996656,
      2.235914999999663,
      2.220077999999687,
      2.232099999999689,
      2.192134999999694
    ],
    "meanRtp": 2.2315311999996803,
    "stdDev": 0.030859738539062834,
    "se95Lower": 2.204481446528324,
    "se95Upper": 2.2585809534710366
  }
}