{
  "200-1637-001": {
    "sim": {
      "spins": 10000000000,
      "spins_per_sec": 5631781,
      "elapsed": "1775.64s",
      "base_game_rtp": 0.418994,
      "ce_from_base_rtp": 0.408946,
      "free_spins_rtp_total": 0.131892,
      "fs_lines": 0.068924,
      "fs_big_volcano": 0.001066,
      "ce_from_fs_rtp": 0.061902,
      "total_rtp": 0.959831,
      "hit_freq": 0.19027,
      "win_freq": 0.089343,
      "fs_trigger_one_in": 139.9,
      "ce_base_trigger_one_in": 120.81,
      "ce_fs_trigger_one_in": 468.97,
      "grand_hits": 1979,
      "grand_one_in": 5053057.099545225,
      "avg_ce_win_base": 49.4,
      "avg_ce_win_fs": 29.03,
      "avg_fs_bonus": 9.79,
      "wins_10x_one_in": 52.47,
      "wins_20x_one_in": 91.37,
      "wins_50x_one_in": 305.59,
      "wins_100x_one_in": 633.25,
      "wins_200x_one_in": 30390.98,
      "wins_500x_one_in": 60440.86,
      "max_single_x": 50248.75
    },
    "targets": {
      "ce_from_base_rtp": 0.409104936666577,
      "free_spins_rtp_total": 0.1318950781257725,
      "ce_from_fs_rtp": 0.0618950673666612,
      "fs_trigger_one_in": 139.9,
      "ce_base_trigger_one_in": 120.8,
      "ce_fs_trigger_one_in": 468.99,
      "avg_ce_win_base": 49.42,
      "avg_ce_win_fs": 29.03,
      "avg_fs_bonus": 9.79,
      "grand_one_in": 4986475,
      "wins_10x_one_in": 52,
      "wins_20x_one_in": 91,
      "wins_50x_one_in": 307,
      "wins_100x_one_in": 631,
      "wins_200x_one_in": 30048,
      "wins_500x_one_in": 61652,
      "total_rtp": 0.960000018370437,
      "base_game_rtp": 0.419000003813447,
      "hit_freq": 0.19030599,
      "win_freq": 0.08936075
    },
    "verdicts": {
      "total_rtp": {
        "sim": 0.959831,
        "target": 0.960000018370437,
        "diff_pct": -0.01760607991695014,
        "status": "✅"
      },
      "base_game_rtp": {
        "sim": 0.418994,
        "target": 0.419000003813447,
        "diff_pct": -0.0014328910244310459,
        "status": "✅"
      },
      "ce_from_base_rtp": {
        "sim": 0.408946,
        "target": 0.409104936666577,
        "diff_pct": -0.03884985301620757,
        "status": "✅"
      },
      "free_spins_rtp_total": {
        "sim": 0.131892,
        "target": 0.1318950781257725,
        "diff_pct": -0.0023337684894943417,
        "status": "✅"
      },
      "ce_from_fs_rtp": {
        "sim": 0.061902,
        "target": 0.0618950673666612,
        "diff_pct": 0.011200623302873058,
        "status": "✅"
      },
      "hit_freq": {
        "sim": 0.19027,
        "target": 0.19030599,
        "diff_pct": -0.018911648550848825,
        "status": "✅"
      },
      "win_freq": {
        "sim": 0.089343,
        "target": 0.08936075,
        "diff_pct": -0.019863306876897222,
        "status": "✅"
      },
      "fs_trigger_one_in": {
        "sim": 139.9,
        "target": 139.9,
        "diff_pct": 0.0,
        "status": "✅"
      },
      "ce_base_trigger_one_in": {
        "sim": 120.81,
        "target": 120.8,
        "diff_pct": 0.008278145695368474,
        "status": "✅"
      },
      "ce_fs_trigger_one_in": {
        "sim": 468.97,
        "target": 468.99,
        "diff_pct": -0.004264483251238152,
        "status": "✅"
      },
      "avg_ce_win_base": {
        "sim": 49.4,
        "target": 49.42,
        "diff_pct": -0.04046944556860204,
        "status": "✅"
      },
      "avg_ce_win_fs": {
        "sim": 29.03,
        "target": 29.03,
        "diff_pct": 0.0,
        "status": "✅"
      },
      "avg_fs_bonus": {
        "sim": 9.79,
        "target": 9.79,
        "diff_pct": 0.0,
        "status": "✅"
      },
      "wins_10x_one_in": {
        "sim": 52.47,
        "target": 52,
        "diff_pct": 0.9038461538461516,
        "status": "❌"
      },
      "wins_20x_one_in": {
        "sim": 91.37,
        "target": 91,
        "diff_pct": 0.4065934065934116,
        "status": "🟡"
      },
      "wins_50x_one_in": {
        "sim": 305.59,
        "target": 307,
        "diff_pct": -0.459283387622158,
        "status": "🟡"
      },
      "wins_100x_one_in": {
        "sim": 633.25,
        "target": 631,
        "diff_pct": 0.35657686212361334,
        "status": "🟡"
      },
      "wins_200x_one_in": {
        "sim": 30390.98,
        "target": 30048,
        "diff_pct": 1.1414403620873255,
        "status": "❌"
      },
      "wins_500x_one_in": {
        "sim": 60440.86,
        "target": 61652,
        "diff_pct": -1.9644780380198523,
        "status": "❌"
      },
      "grand_one_in": {
        "sim": 5053057.099545225,
        "target": 4986475,
        "diff_pct": 1.3352538525757085,
        "status": "❌"
      }
    }
  },
  "200-1637-002": {
    "sim": {
      "spins": 10000000000,
      "spins_per_sec": 5505498,
      "elapsed": "1816.37s",
      "base_game_rtp": 0.408945,
      "ce_from_base_rtp": 0.408946,
      "free_spins_rtp_total": 0.131892,
      "fs_lines": 0.068924,
      "fs_big_volcano": 0.001066,
      "ce_from_fs_rtp": 0.061902,
      "total_rtp": 0.949782,
      "hit_freq": 0.190343,
      "win_freq": 0.08899,
      "fs_trigger_one_in": 139.9,
      "ce_base_trigger_one_in": 120.81,
      "ce_fs_trigger_one_in": 468.97,
      "grand_hits": 1979,
      "grand_one_in": 5053057.099545225,
      "avg_ce_win_base": 49.4,
      "avg_ce_win_fs": 29.03,
      "avg_fs_bonus": 9.79,
      "wins_10x_one_in": 53.29,
      "wins_20x_one_in": 92.06,
      "wins_50x_one_in": 307.41,
      "wins_100x_one_in": 635.72,
      "wins_200x_one_in": 32860.9,
      "wins_500x_one_in": 69932.52,
      "max_single_x": 50248.75
    },
    "targets": {
      "ce_from_base_rtp": 0.409104936666577,
      "free_spins_rtp_total": 0.1318950781257725,
      "ce_from_fs_rtp": 0.0618950673666612,
      "fs_trigger_one_in": 139.9,
      "ce_base_trigger_one_in": 120.8,
      "ce_fs_trigger_one_in": 468.99,
      "avg_ce_win_base": 49.42,
      "avg_ce_win_fs": 29.03,
      "avg_fs_bonus": 9.79,
      "grand_one_in": 4986475,
      "total_rtp": 0.950000015007889,
      "base_game_rtp": 0.409000000450898,
      "hit_freq": 0.1902107,
      "win_freq": 0.0889773
    },
    "verdicts": {
      "total_rtp": {
        "sim": 0.949782,
        "target": 0.950000015007889,
        "diff_pct": -0.022948947836297945,
        "status": "✅"
      },
      "base_game_rtp": {
        "sim": 0.408945,
        "target": 0.409000000450898,
        "diff_pct": -0.013447542992024001,
        "status": "✅"
      },
      "ce_from_base_rtp": {
        "sim": 0.408946,
        "target": 0.409104936666577,
        "diff_pct": -0.03884985301620757,
        "status": "✅"
      },
      "free_spins_rtp_total": {
        "sim": 0.131892,
        "target": 0.1318950781257725,
        "diff_pct": -0.0023337684894943417,
        "status": "✅"
      },
      "ce_from_fs_rtp": {
        "sim": 0.061902,
        "target": 0.0618950673666612,
        "diff_pct": 0.011200623302873058,
        "status": "✅"
      },
      "hit_freq": {
        "sim": 0.190343,
        "target": 0.1902107,
        "diff_pct": 0.06955444672670982,
        "status": "✅"
      },
      "win_freq": {
        "sim": 0.08899,
        "target": 0.0889773,
        "diff_pct": 0.014273303415595186,
        "status": "✅"
      },
      "fs_trigger_one_in": {
        "sim": 139.9,
        "target": 139.9,
        "diff_pct": 0.0,
        "status": "✅"
      },
      "ce_base_trigger_one_in": {
        "sim": 120.81,
        "target": 120.8,
        "diff_pct": 0.008278145695368474,
        "status": "✅"
      },
      "ce_fs_trigger_one_in": {
        "sim": 468.97,
        "target": 468.99,
        "diff_pct": -0.004264483251238152,
        "status": "✅"
      },
      "avg_ce_win_base": {
        "sim": 49.4,
        "target": 49.42,
        "diff_pct": -0.04046944556860204,
        "status": "✅"
      },
      "avg_ce_win_fs": {
        "sim": 29.03,
        "target": 29.03,
        "diff_pct": 0.0,
        "status": "✅"
      },
      "avg_fs_bonus": {
        "sim": 9.79,