{
  "game": "Mystic Cluster",
  "version": "1.0.0",
  "algorithm": "synthetic 3rd-game proof \u2014 6\u00d75 cluster-pays + cascade",
  "target_rtp": 0.95,
  "total_rtp": 0.95,
  "components": {
    "cluster_pays_base": 0.65,
    "cascade_uplift": 0.3
  },
  "cluster_distribution": {
    "GEM_R": {
      "5": 0.004603399433427761,
      "6": 0.002762039660056657,
      "7": 0.0011508498583569402,
      "8": 0.0003452549575070821
    },
    "GEM_B": {
      "5": 0.005063739376770537,
      "6": 0.0029922096317280445,
      "7": 0.0011508498583569402,
      "8": 0.0003452549575070821
    },
    "GEM_G": {
      "5": 0.005754249291784702,
      "6": 0.003222379603399433,
      "7": 0.0011508498583569402,
      "8": 0.0003452549575070821
    },
    "GEM_Y": {
      "5": 0.009206798866855522,
      "6": 0.005063739376770537,
      "7": 0.0018413597733711044,
      "8": 0.0004603399433427761
    },
    "GEM_P": {
      "5": 0.010357648725212462,
      "6": 0.005524079320113314,
      "7": 0.0018413597733711044,
      "8": 0.0004603399433427761
    },
    "FRUIT_A": {
      "5": 0.018413597733711044,
      "6": 0.008746458923512746,
      "7": 0.002762039660056657,
      "8": 0.0005754249291784701
    },
    "FRUIT_B": {
      "5": 0.020715297450424924,
      "6": 0.0096671388101983,
      "7": 0.002762039660056657,
      "8": 0.0005754249291784701
    }
  },
  "pay_table": {
    "GEM_R": {
      "5": 5.0,
      "6": 12.0,
      "7": 30.0,
      "8": 100.0
    },
    "GEM_B": {
      "5": 4.0,
      "6": 10.0,
      "7": 25.0,
      "8": 80.0
    },
    "GEM_G": {
      "5": 3.5,
      "6": 9.0,
      "7": 22.0,
      "8": 70.0
    },
    "GEM_Y": {
      "5": 2.5,
      "6": 6.0,
      "7": 15.0,
      "8": 50.0
    },
    "GEM_P": {
      "5": 2.0,
      "6": 5.0,
      "7": 12.0,
      "8": 40.0
    },
    "FRUIT_A": {
      "5": 1.0,
      "6": 2.5,
      "7": 6.0,
      "8": 20.0
    },
    "FRUIT_B": {
      "5": 0.8,
      "6": 2.0,
      "7": 5.0,
      "8": 15.0
    }
  }
}