{
  "probe_count": 36,
  "anomalies": [],
  "global_delta_mean": -0.006385597040495746,
  "global_delta_stddev": 0.020663718614638022
}