{
  "schema_version": "1.0.0",
  "report_id": "BONUS_BANK_RUNNING_BALANCE_OFFSET",
  "generated_utc": "2026-05-18T01:26:22.353Z",
  "sessions_per_config": 30000,
  "seed": 3405644177,
  "tolerances": {
    "payout_rel": 0.06,
    "perspin_rel": 0.05,
    "bucket_abs": 0.02
  },
  "overall_pass": true,
  "configs_total": 6,
  "configs_passed": 6,
  "configs": [
    {
      "name": "A_rainbow_riches_megaways_bank_all_wins",
      "description": "LNW Barcrest Rainbow Riches Megaways (2020, defining title) — 'Bank All Wins' mode boosts entire FS pool by 1.25×.",
      "cfg": {
        "numFreeSpins": 15,
        "probSmallBucket": 0.65,
        "smallBucketMean": 0.6,
        "smallBucketVariance": 0.2,
        "highBucketMean": 5,
        "highBucketVariance": 8,
        "bankAllMultiplier": 1.25,
        "bankSmallMultiplier": 2,
        "perSpinVariance": 7.3344
      },
      "closed_form": {
        "perSpinMean": 2.14,
        "expectedPayoutModeA": 32.1,
        "variancePayoutModeA": 110.01599999999999,
        "stdDevPayoutModeA": 10.488851224037836,
        "expectedPayoutModeB": 40.125,
        "variancePayoutModeB": 171.89999999999998,
        "stdDevPayoutModeB": 13.111064030047293,
        "expectedPayoutModeC": 37.95,
        "variancePayoutModeC": 99.07649999999997,
        "stdDevPayoutModeC": 9.953717898353357,
        "perSpinMeanModeC": 2.5300000000000002,
        "perSpinVarianceModeC": 6.6050999999999975,
        "bestModeIndex": 1,
        "bestModeExpectedPayout": 40.125,
        "worstModeExpectedPayout": 32.1,
        "rtpSpread": 8.024999999999999,
        "skillPremiumVsUniform": 3.3999999999999986,
        "bonusBankAdditiveOffsetB": 8.024999999999999,
        "bankSmallContributionShareC": 0.1541501976284585,
        "commercialUpliftBVsBaselineA": 1.25,
        "commercialUpliftCVsBaselineA": 1.1822429906542056
      },
      "monte_carlo": {
        "meanPayoutModeA": 32.113455665754294,
        "stdDevPayoutModeA": 10.484623479885506,
        "meanPayoutModeB": 40.141819582192895,
        "stdDevPayoutModeB": 13.105779349856281,
        "meanPayoutModeC": 37.96550865133565,
        "stdDevPayoutModeC": 9.949504727737684,
        "observedSmallBucketRate": 0.6503977777777777,
        "observedPerSpinMean": 2.140897044383567,
        "sessions": 30000
      },
      "checks": {
        "payout_A_rel": 0.00041900398058506387,
        "payout_B_rel": 0.00041900398058577164,
        "payout_C_rel": 0.0004084931793768583,
        "perspin_rel": 0.0004190039805604175,
        "bucket_abs": 0.00039777777777771917
      },
      "pass": true,
      "elapsed_ms": 19
    },
    {
      "name": "B_rainbow_riches_bank_small_wins_high_freq",
      "description": "Bank Small Wins variant — high small-bucket density (80%) sa aggressive small boost 3.0×.",
      "cfg": {
        "numFreeSpins": 20,
        "probSmallBucket": 0.8,
        "smallBucketMean": 0.4,
        "smallBucketVariance": 0.1,
        "highBucketMean": 6,
        "highBucketVariance": 12,
        "bankAllMultiplier": 1.1,
        "bankSmallMultiplier": 3,
        "perSpinVariance": 7.4975999999999985
      },
      "closed_form": {
        "perSpinMean": 1.5199999999999998,
        "expectedPayoutModeA": 30.399999999999995,
        "variancePayoutModeA": 149.95199999999997,
        "stdDevPayoutModeA": 12.245488965329232,
        "expectedPayoutModeB": 33.44,
        "variancePayoutModeB": 181.44191999999998,
        "stdDevPayoutModeB": 13.470037861862155,
        "expectedPayoutModeC": 43.2,
        "variancePayoutModeC": 136.12799999999996,
        "stdDevPayoutModeC": 11.667390453739001,
        "perSpinMeanModeC": 2.16,
        "perSpinVarianceModeC": 6.806399999999997,
        "bestModeIndex": 2,
        "bestModeExpectedPayout": 43.2,
        "worstModeExpectedPayout": 30.399999999999995,
        "rtpSpread": 12.800000000000008,
        "skillPremiumVsUniform": 7.520000000000003,
        "bonusBankAdditiveOffsetB": 3.0400000000000027,
        "bankSmallContributionShareC": 0.29629629629629634,
        "commercialUpliftBVsBaselineA": 1.1,
        "commercialUpliftCVsBaselineA": 1.4210526315789478
      },
      "monte_carlo": {
        "meanPayoutModeA": 30.31393110677033,
        "stdDevPayoutModeA": 12.275985129748543,
        "meanPayoutModeB": 33.34532421744686,
        "stdDevPayoutModeB": 13.503583642724521,
        "meanPayoutModeC": 43.12867061831428,
        "stdDevPayoutModeC": 11.695186695807037,
        "observedSmallBucketRate": 0.8007816666666666,
        "observedPerSpinMean": 1.5156965553385082,
        "sessions": 30000
      },
      "checks": {
        "payout_A_rel": 0.0028312135930810985,
        "payout_B_rel": 0.0028312135930962695,
        "payout_C_rel": 0.0016511430945768905,
        "perspin_rel": 0.0028312135930865616,
        "bucket_abs": 0.0007816666666665695
      },
      "pass": true,
      "elapsed_ms": 27
    },
    {
      "name": "C_barcrest_balanced_three_mode",
      "description": "Barcrest balanced 3-mode FS sa moderate banking — all 3 modes within 15% RTP spread.",
      "cfg": {
        "numFreeSpins": 12,
        "probSmallBucket": 0.55,
        "smallBucketMean": 0.8,
        "smallBucketVariance": 0.3,
        "highBucketMean": 3.5,
        "highBucketVariance": 5,
        "bankAllMultiplier": 1.15,
        "bankSmallMultiplier": 2,
        "perSpinVariance": 4.219275
      },
      "closed_form": {
        "perSpinMean": 2.0149999999999997,
        "expectedPayoutModeA": 24.179999999999996,
        "variancePayoutModeA": 50.631299999999996,
        "stdDevPayoutModeA": 7.1155674404786575,
        "expectedPayoutModeB": 27.806999999999995,
        "variancePayoutModeB": 66.95989424999999,
        "stdDevPayoutModeB": 8.182902556550456,
        "expectedPayoutModeC": 29.46,
        "variancePayoutModeC": 45.64170000000001,
        "stdDevPayoutModeC": 6.755864119415073,
        "perSpinMeanModeC": 2.455,
        "perSpinVarianceModeC": 3.8034750000000006,
        "bestModeIndex": 2,
        "bestModeExpectedPayout": 29.46,
        "worstModeExpectedPayout": 24.179999999999996,
        "rtpSpread": 5.280000000000005,
        "skillPremiumVsUniform": 2.311,
        "bonusBankAdditiveOffsetB": 3.626999999999999,
        "bankSmallContributionShareC": 0.17922606924643586,
        "commercialUpliftBVsBaselineA": 1.15,
        "commercialUpliftCVsBaselineA": 1.2183622828784122
      },
      "monte_carlo": {
        "meanPayoutModeA": 24.205717110758368,
        "stdDevPayoutModeA": 7.070128546868458,
        "meanPayoutModeB": 27.83657467737209,
        "stdDevPayoutModeB": 8.130647828898924,
        "meanPayoutModeC": 29.501401956556105,
        "stdDevPayoutModeC": 6.71693296799852,
        "observedSmallBucketRate": 0.5510555555555555,
        "observedPerSpinMean": 2.0171430925631957,
        "sessions": 30000
      },
      "checks": {
        "payout_A_rel": 0.001062439531979057,
        "payout_B_rel": 0.001062439531977948,
        "payout_C_rel": 0.0014033894598322082,
        "perspin_rel": 0.0010624395319782508,
        "bucket_abs": 0.0010555555555554763
      },
      "pass": true,
      "elapsed_ms": 17
    },
    {
      "name": "D_long_fs_low_freq_small_bucket",
      "description": "Long FS (30 spinova) + low small-bucket freq (35%) + high m_B = 1.50.",
      "cfg": {
        "numFreeSpins": 30,
        "probSmallBucket": 0.35,
        "smallBucketMean": 1,
        "smallBucketVariance": 0.4,
        "highBucketMean": 8,
        "highBucketVariance": 18,
        "bankAllMultiplier": 1.5,
        "bankSmallMultiplier": 2.5,
        "perSpinVariance": 22.987500000000008
      },
      "closed_form": {
        "perSpinMean": 5.55,
        "expectedPayoutModeA": 166.5,
        "variancePayoutModeA": 689.6250000000002,
        "stdDevPayoutModeA": 26.2607121000174,
        "expectedPayoutModeB": 249.75,
        "variancePayoutModeB": 1551.6562500000005,
        "stdDevPayoutModeB": 39.3910681500261,