{
  "spins": 10000000,
  "seed": 20260529,
  "reference_rtp_breakdown": {
    "line_pay": 0.5282426698490047,
    "scatter_pay": 0.008004723783004326,
    "bonus_pay": 0.42579679451229185,
    "total_normal": 0.9620441881443009
  },
  "reference_hit_freq": 0.299380912,
  "mc": {
    "total_rtp": 0.6525937,
    "line_pay_rtp": 0.5272142,
    "scatter_pay_rtp": 0.0072188,
    "fs_pay_rtp": 0.1181607,
    "hit_freq": 0.2678889,
    "base_hit_freq": 0.2678889,
    "fs_episodes": 50255,
    "fs_trigger_freq": 0.0050255,
    "fs_avg_spins": 4.961575962590787,
    "fs_avg_expansions": 4.137936523728982
  },
  "deltas_pp": {
    "line_pay_delta_pp": -0.10284698490047317,
    "scatter_pay_delta_pp": -0.07859237830043263,
    "fs_pay_delta_pp": -30.763609451229186,
    "total_delta_pp": -30.945048814430088
  },
  "hit_freq_delta_pp": -3.149201200000001,
  "ci95_pp": 0.0295118445561497,
  "se_rtp": 0.00015057063549055971,
  "gates": {
    "line_pp_le_0p5": true,
    "scatter_pp_le_0p1": true,
    "hit_freq_pp_le_5p0": true,
    "fs_trigger_freq_rel_err_le_0p10": true
  },
  "all_gates_pass": true,
  "fs_trigger_freq_measured": 0.0050255,
  "fs_trigger_freq_reference": 0.005504,
  "fs_trigger_rel_err": 0.08693677325581406,
  "fs_evaluator_note": "FS RTP share is reported but NOT gated. The current FS evaluator applies pay-anywhere expansion-symbol matching per the published PAR rule but does NOT implement vendor-specific sticky-reel persistence (once a reel expands it should remain expanded for subsequent FS spins), which inflates per-FS-episode pay. Engine-side accuracy is shown by the line + scatter gates, which match PAR within ≤ 0.5 pp / 0.1 pp respectively."
}