{
  "schema_version": "1.0.0",
  "report_id": "COLOSSAL_REELS_WILD_TRANSFER",
  "generated_utc": "2026-05-18T00:11:21.115Z",
  "spins_per_config": 30000,
  "seed": 3405644164,
  "tolerances": {
    "k_main_rel": 0.03,
    "k_col_rel": 0.1,
    "max_pmf_abs": 0.025,
    "both_prob_abs": 0.03,
    "payout_rel": 0.3
  },
  "overall_pass": true,
  "configs_total": 6,
  "configs_passed": 6,
  "configs": [
    {
      "name": "A_spartacus_gladiator_of_rome_5reel_high_transfer",
      "description": "WMS Spartacus Gladiator of Rome (2012, defining title) — 5×4 main + 5×12 colossal, q_t=0.85.",
      "cfg": {
        "numReels": 5,
        "perReelMainWildProb": [
          0.1,
          0.1,
          0.12,
          0.1,
          0.1
        ],
        "probTransferToColossal": 0.85,
        "payoutMainGivenWildReels": [
          0,
          0,
          0.5,
          5,
          50,
          500
        ],
        "payoutColossalGivenWildReels": [
          0,
          0,
          1,
          10,
          100,
          1000
        ]
      },
      "closed_form": {
        "pmfWildReelsMain": [
          0.5773680000000001,
          0.3353400000000001,
          0.07776000000000002,
          0.009000000000000001,
          0.0005200000000000001,
          0.000012000000000000002
        ],
        "pmfWildReelsColossal": [
          0.6294492391612502,
          0.30539016781875017,
          0.059158737112500026,
          0.0057203901375000015,
          0.0002761413062500001,
          0.000005324463750000001
        ],
        "expectedWildReelsMain": 0.52,
        "varianceWildReelsMain": 0.46560000000000007,
        "expectedWildReelsColossal": 0.442,
        "varianceWildReelsColossal": 0.40269600000000005,
        "expectedTotalPayoutPerSpin": 0.26518123286250006,
        "probBothGridsAtLeastOneWild": 0.37055076083875027,
        "probFullWildBothGrids": 0.000005324463750000001,
        "oneInNSpinsFullWildBothGrids": 187812.3407263313,
        "commercialUpliftVsIndependentSplit": 2.2884124340913017
      },
      "monte_carlo": {
        "spins": 30000,
        "meanWildReelsMain": 0.5176666666666667,
        "meanWildReelsColossal": 0.43983333333333335,
        "meanTotalPayoutPerSpin": 0.2517333333333333,
        "observedPmfWildReelsMain": [
          0.5793666666666667,
          0.3343,
          0.07613333333333333,
          0.0097,
          0.0005,
          0
        ],
        "observedPmfWildReelsColossal": [
          0.6327,
          0.3015333333333333,
          0.059166666666666666,
          0.0064333333333333334,
          0.00016666666666666666,
          0
        ],
        "observedProbBothGridsAtLeastOne": 0.3673,
        "observedProbFullWildBothGrids": 0
      },
      "checks": {
        "k_main_rel": 0.00448717948717942,
        "k_col_rel": 0.004901960784313688,
        "max_pmf_abs": 0.001998666666666593,
        "both_prob_abs": 0.003250760838750255,
        "payout_rel": 0.05071210878689769
      },
      "pass": true,
      "elapsed_ms": 4
    },
    {
      "name": "B_super_colossal_reels_full_transfer",
      "description": "Spartacus Super Colossal Reels (2019) — full transfer (q_t=1.0), higher wild density.",
      "cfg": {
        "numReels": 5,
        "perReelMainWildProb": [
          0.15,
          0.15,
          0.18,
          0.15,
          0.15
        ],
        "probTransferToColossal": 1,
        "payoutMainGivenWildReels": [
          0,
          0,
          1,
          10,
          100,
          1000
        ],
        "payoutColossalGivenWildReels": [
          0,
          0,
          2,
          20,
          200,
          2000
        ]
      },
      "closed_form": {
        "pmfWildReelsMain": [
          0.428045125,
          0.396110625,
          0.14630624999999997,
          0.02696624999999999,
          0.0024806249999999993,
          0.00009112499999999999
        ],
        "pmfWildReelsColossal": [
          0.428045125,
          0.396110625,
          0.14630624999999997,
          0.02696624999999999,
          0.0024806249999999993,
          0.00009112499999999999
        ],
        "expectedWildReelsMain": 0.7799999999999998,
        "varianceWildReelsMain": 0.6575999999999999,
        "expectedWildReelsColossal": 0.7799999999999998,
        "varianceWildReelsColossal": 0.6575999999999999,
        "expectedTotalPayoutPerSpin": 2.2654687499999997,
        "probBothGridsAtLeastOneWild": 0.571954875,
        "probFullWildBothGrids": 0.00009112499999999999,
        "oneInNSpinsFullWildBothGrids": 10973.936899862827,
        "commercialUpliftVsIndependentSplit": 3
      },
      "monte_carlo": {
        "spins": 30000,
        "meanWildReelsMain": 0.7780333333333334,
        "meanWildReelsColossal": 0.7780333333333334,
        "meanTotalPayoutPerSpin": 2.06,
        "observedPmfWildReelsMain": [
          0.42866666666666664,
          0.39526666666666666,
          0.14766666666666667,
          0.026233333333333334,
          0.0021,
          0.00006666666666666667
        ],
        "observedPmfWildReelsColossal": [
          0.42866666666666664,
          0.39526666666666666,
          0.14766666666666667,
          0.026233333333333334,
          0.0021,
          0.00006666666666666667
        ],
        "observedProbBothGridsAtLeastOne": 0.5713333333333334,
        "observedProbFullWildBothGrids": 0.00006666666666666667
      },
      "checks": {
        "k_main_rel": 0.002521367521367244,
        "k_col_rel": 0.002521367521367244,
        "max_pmf_abs": 0.0013604166666666972,
        "both_prob_abs": 0.000621541666666614,
        "payout_rel": 0.0906959100627628
      },
      "pass": true,
      "elapsed_ms": 5
    },
    {
      "name": "C_call_to_arms_50_payline_low_transfer",
      "description": "Spartacus Call to Arms (2017) — 50 paylines, lower transfer q_t=0.70.",
      "cfg": {
        "numReels": 5,
        "perReelMainWildProb": [
          0.08,
          0.08,
          0.1,
          0.08,
          0.08
        ],
        "probTransferToColossal": 0.7,
        "payoutMainGivenWildReels": [
          0,
          0,
          0.3,
          3,
          30,
          300
        ],
        "payoutColossalGivenWildReels": [
          0,
          0,
          0.5,
          5,
          50,
          1500
        ]
      },
      "closed_form": {
        "pmfWildReelsMain": [
          0.6447536640000001,
          0.29590144000000007,
          0.05416960000000001,
          0.004945920000000001,
          0.00022528000000000004,
          0.000004096
        ],
        "pmfWildReelsColossal": [
          0.7385347345612802,
          0.23083416616960006,
          0.028784405708800004,
          0.0017904402432000004,
          0.0000555649024,
          6.884147200000001e-7
        ],
        "expectedWildReelsMain": 0.42000000000000004,
        "varianceWildReelsMain": 0.3844000000000001,
        "expectedWildReelsColossal": 0.294,
        "varianceWildReelsColossal": 0.276556,
        "expectedTotalPayoutPerSpin": 0.06623111127040002,
        "probBothGridsAtLeastOneWild": 0.2614652654387201,
        "probFullWildBothGrids": 6.884147200000001e-7,
        "oneInNSpinsFullWildBothGrids": 1452612.7506396142,
        "commercialUpliftVsIndependentSplit": 1.6949376205450732
      },
      "monte_carlo": {
        "spins": 30000,
        "meanWildReelsMain": 0.4181666666666667,
        "meanWildReelsColossal": 0.2924,
        "meanTotalPayoutPerSpin": 0.06763999999999838,
        "observedPmfWildReelsMain": [
          0.6458,
          0.2959,
          0.0528,
          0.005333333333333333,
          0.00016666666666666666,
          0
        ],
        "observedPmfWildReelsColossal": [
          0.7408333333333333,
          0.22846666666666668,
          0.028266666666666666,
          0.0023333333333333335,
          0.0001,
          0
        ],
        "observedProbBothGridsAtLeastOne": 0.25916666666666666,