{
  "schema_version": "1.0.0",
  "report_id": "CROSS_JURISDICTION_TAX_OPTIMIZER",
  "generated_utc": "2026-05-19T11:26:21.694Z",
  "episodes_per_config": 200,
  "seed": 3405644339,
  "tolerances": {
    "ggr_rel": 0.2,
    "net_rel": 0.2,
    "hhi_delta_abs": 0.1
  },
  "overall_pass": true,
  "configs_total": 6,
  "configs_passed": 6,
  "configs": [
    {
      "name": "A_uk_mt_de_on_au_baseline",
      "description": "UK+MT+DE+ON+AU baseline 5-jurisdiction portfolio, £2.5M total cap",
      "regime": "BASELINE_5",
      "cfg": {
        "jurisdictions": [
          "UK",
          "MT",
          "DE",
          "ON",
          "AU"
        ],
        "jurisdictionGgrCapacity": [
          1000000,
          800000,
          600000,
          500000,
          400000
        ],
        "taxRates": [
          0.21,
          0.05,
          0.053,
          0.2,
          0.15
        ],
        "complianceOverheads": [
          0.1,
          0.05,
          0.08,
          0.1,
          0.12
        ],
        "houseEdges": [
          0.04,
          0.04,
          0.04,
          0.04,
          0.04
        ],
        "growthCaps": [
          0.9,
          1,
          0.85,
          0.9,
          0.8
        ],
        "minimumRevenues": [
          100000,
          50000,
          50000,
          50000,
          50000
        ],
        "totalRevenueCap": 2500000,
        "pillar2MinTaxRate": 0.15,
        "hhiComplianceThreshold": 0.5
      },
      "closed_form": {
        "optimalAllocations": [
          0.42,
          1,
          0.85,
          0.9,
          0.8
        ],
        "effectiveGgr": [
          420000,
          800000,
          510000,
          450000,
          320000
        ],
        "perJurisdictionNetMargin": [
          0.027600000000000003,
          0.036,
          0.03468,
          0.028000000000000004,
          0.0292
        ],
        "perJurisdictionNetRevenue": [
          11592.000000000002,
          28799.999999999996,
          17686.800000000003,
          12600.000000000002,
          9344
        ],
        "jurisdictionRanking": [
          1,
          2,
          4,
          3,
          0
        ],
        "totalNetRevenue": 80022.8,
        "totalGgr": 2500000,
        "blendedEffectiveTaxRate": 0.11729200000000001,
        "hhiConcentration": 0.221024,
        "pillar2TopUpTaxes": [
          0,
          3200,
          1978.8,
          0,
          0
        ],
        "totalPillar2TopUp": 5178.8,
        "taxRateElasticities": [
          -16800,
          -32000,
          -20400,
          -18000,
          -12800
        ],
        "isCompliantUkgcRts17": true
      },
      "monte_carlo": {
        "episodes": 200,
        "observedTotalGgr": 2500000,
        "observedTotalNetRevenue": 79974.97495315639,
        "observedHhi": 0.2231675212732427
      },
      "checks": {
        "ggr_rel": 0,
        "net_rel": 0.0005976427573593562,
        "hhi_delta": 0.0021435212732427156
      },
      "pass": true,
      "elapsed_ms": 2
    },
    {
      "name": "B_uk_dominant_high_concentration",
      "description": "UK-dominant operator: 80% UK exposure, regulatory concentration risk",
      "regime": "CONCENTRATION_UK",
      "cfg": {
        "jurisdictions": [
          "UK",
          "MT",
          "DE",
          "ON"
        ],
        "jurisdictionGgrCapacity": [
          4000000,
          200000,
          200000,
          200000
        ],
        "taxRates": [
          0.21,
          0.05,
          0.053,
          0.2
        ],
        "complianceOverheads": [
          0.1,
          0.05,
          0.08,
          0.1
        ],
        "houseEdges": [
          0.04,
          0.04,
          0.04,
          0.04
        ],
        "growthCaps": [
          0.9,
          1,
          0.85,
          0.9
        ],
        "minimumRevenues": [
          3000000,
          50000,
          50000,
          50000
        ],
        "totalRevenueCap": 4500000,
        "pillar2MinTaxRate": 0.15,
        "hhiComplianceThreshold": 0.5
      },
      "closed_form": {
        "optimalAllocations": [
          0.9,
          1,
          0.85,
          0.9
        ],
        "effectiveGgr": [
          3600000,
          200000,
          170000,
          180000
        ],
        "perJurisdictionNetMargin": [
          0.027600000000000003,
          0.036,
          0.03468,
          0.028000000000000004
        ],
        "perJurisdictionNetRevenue": [
          99360.00000000001,
          7199.999999999999,
          5895.6,
          5040.000000000001
        ],
        "jurisdictionRanking": [
          1,
          2,
          3,
          0
        ],
        "totalNetRevenue": 117495.60000000002,
        "totalGgr": 4150000,
        "blendedEffectiveTaxRate": 0.19542409638554217,
        "hhiConcentration": 0.7583858324865727,
        "pillar2TopUpTaxes": [
          0,
          800,
          659.6,
          0
        ],
        "totalPillar2TopUp": 1459.6,
        "taxRateElasticities": [
          -144000,
          -8000,
          -6800,
          -7200
        ],
        "isCompliantUkgcRts17": false
      },
      "monte_carlo": {
        "episodes": 200,
        "observedTotalGgr": 4104784.267986065,
        "observedTotalNetRevenue": 116221.23024916145,
        "observedHhi": 0.7561122821964968
      },
      "checks": {
        "ggr_rel": 0.01089535711179162,
        "net_rel": 0.010846106159197165,
        "hhi_delta": 0.0022735502900758098
      },
      "pass": true,
      "elapsed_ms": 1
    },
    {
      "name": "C_eu_diversified_8_markets",
      "description": "EU diversified: 8 markets, low HHI, post-Pillar-2 optimization",
      "regime": "EU_DIVERSIFIED_8",
      "cfg": {
        "jurisdictions": [
          "MT",
          "DE",
          "ES",
          "IT",
          "NL",
          "SE",
          "DK",
          "FR"
        ],
        "jurisdictionGgrCapacity": [
          600000,
          500000,
          450000,
          500000,
          350000,
          250000,
          200000,
          300000
        ],
        "taxRates": [
          0.05,
          0.053,
          0.2,
          0.25,
          0.295,
          0.18,
          0.2,
          0.55
        ],
        "complianceOverheads": [
          0.05,
          0.08,
          0.1,
          0.12,
          0.1,
          0.08,
          0.08,
          0.15
        ],
        "houseEdges": [
          0.04,
          0.04,
          0.04,
          0.04,
          0.04,
          0.04,
          0.04,
          0.04
        ],
        "growthCaps": [
          1,
          0.85,
          0.8,
          0.75,
          0.85,
          0.8,
          0.8,
          0.65
        ],
        "minimumRevenues": [
          50000,
          50000,
          50000,
          50000,
          50000,
          30000,
          30000,
          30000
        ],
        "totalRevenueCap": 2500000,
        "pillar2MinTaxRate": 0.15,
        "hhiComplianceThreshold": 0.5
      },
      "closed_form": {
        "optimalAllocations": [
          1,
          0.85,
          0.8,
          0.75,
          0.85,
          0.8,
          0.8,
          0.275
        ],
        "effectiveGgr": [
          600000,
          425000,
          360000,
          375000,
          297500,
          200000,
          160000,
          82500
        ],
        "perJurisdictionNetMargin": [
          0.036,
          0.03468,
          0.028000000000000004,
          0.0252,
          0.024200000000000003,
          0.029600000000000005,
          0.028800000000000003,
          0.011999999999999997
        ],
        "perJurisdictionNetRevenue": [
          21600,
          14739.000000000002,
          10080.000000000002,
          9450,
          7199.500000000001,
          5920.000000000001,
          4608,
          989.9999999999998
        ],