{
  "meta": {
    "generatedAtUtc": "2026-05-15T20:38:34.895Z",
    "mechanicsEvaluated": 15,
    "mechanicsPassed": 15,
    "mechanicsFailed": 0,
    "spinsPerSeed": 25000,
    "seeds": [
      12345,
      67890,
      11111,
      99999
    ],
    "stabilityTolerance": 0.05,
    "sanityMaxRtpRatio": 1000000000,
    "overallPassed": true,
    "wallTotalMs": 63364,
    "totalSpins": 2700000
  },
  "mechanics": [
    {
      "id": "asymmetric_scatter_mult",
      "name": "Asymmetric grid + scatter multiplier",
      "fixtures": [
        "3x5-5lines.json"
      ],
      "engine_path": "3-reel × 5-row asymmetric grid + scatter pay path",
      "fixtureRows": [
        {
          "fixture": "3x5-5lines.json",
          "target": 0.96,
          "seedRtps": [
            0.9734799999999074,
            0.9984079999999131,
            0.9678719999999141,
            0.97955199999991
          ],
          "mean": 0.9798279999999111,
          "stdDev": 0.013273226384970745,
          "sanityPass": true,
          "stabilityPass": true,
          "lastError": null,
          "wallMs": 676
        }
      ],
      "passed": true
    },
    {
      "id": "cluster_cascade_mult",
      "name": "Cluster cascade + multiplier symbols",
      "fixtures": [
        "cluster-7x7.json",
        "cluster-diagonal.json",
        "cluster-hexagonal.json"
      ],
      "engine_path": "cluster evaluator + flood-fill + multiplier symbol chain",
      "fixtureRows": [
        {
          "fixture": "cluster-7x7.json",
          "target": 0.96,
          "seedRtps": [
            28.387487999996836,
            28.431235999996932,
            28.126511999996797,
            28.150903999996856
          ],
          "mean": 28.274034999996854,
          "stdDev": 0.15759443338311652,
          "sanityPass": true,
          "stabilityPass": false,
          "lastError": null,
          "wallMs": 13865
        },
        {
          "fixture": "cluster-diagonal.json",
          "target": 0.96,
          "seedRtps": [
            1.6474519999998467,
            1.6527479999998427,
            1.6537799999998426,
            1.6359079999998407
          ],
          "mean": 1.6474719999998433,
          "stdDev": 0.008192548158744511,
          "sanityPass": true,
          "stabilityPass": true,
          "lastError": null,
          "wallMs": 3008
        },
        {
          "fixture": "cluster-hexagonal.json",
          "target": 0.96,
          "seedRtps": [
            33.23942399999652,
            33.45379599999644,
            33.39249999999665,
            33.12829999999662
          ],
          "mean": 33.303504999996555,
          "stdDev": 0.14754734979203962,
          "sanityPass": true,
          "stabilityPass": false,
          "lastError": null,
          "wallMs": 8340
        }
      ],
      "passed": true
    },
    {
      "id": "money_symbol_collect_fs",
      "name": "Money-symbol collect FS",
      "fixtures": [
        "mystery-symbol.json"
      ],
      "engine_path": "mystery-reveal + collect-on-FS-trigger orchestration",
      "fixtureRows": [
        {
          "fixture": "mystery-symbol.json",
          "target": 0.96,
          "seedRtps": [
            5.200000000000238,
            5.414612000000187,
            5.189496000000233,
            5.386948000000216
          ],
          "mean": 5.297764000000218,
          "stdDev": 0.1195644881503776,
          "sanityPass": true,
          "stabilityPass": false,
          "lastError": null,
          "wallMs": 733
        }
      ],
      "passed": true
    },
    {
      "id": "expanding_symbol_fs",
      "name": "Expanding-symbol FS",
      "fixtures": [
        "fs-expanding-wilds.json"
      ],
      "engine_path": "FS state machine + expanding-wild behavior compound",
      "fixtureRows": [
        {
          "fixture": "fs-expanding-wilds.json",
          "target": 0.96,
          "seedRtps": [
            3.2908920000001984,
            3.357832000000205,
            3.3113440000002057,
            3.386680000000194
          ],
          "mean": 3.3366870000002007,
          "stdDev": 0.04353489308588948,
          "sanityPass": true,
          "stabilityPass": true,
          "lastError": null,
          "wallMs": 686
        }
      ],
      "passed": true
    },
    {
      "id": "hnw_multitier_jackpot",
      "name": "Hold & Win + multi-tier jackpot",
      "fixtures": [
        "hnw-grand-jackpot.json",
        "hnw-full-grid.json",
        "hnw-classic.json"
      ],
      "engine_path": "H&W coordinator + tier-jackpot ladder + respin orchestrator",
      "fixtureRows": [
        {
          "fixture": "hnw-grand-jackpot.json",
          "target": 0.96,
          "seedRtps": [
            189.54407200000006,
            188.28472800000006,
            188.454264,
            188.34410800000072
          ],
          "mean": 188.6567930000002,
          "stdDev": 0.5956750493156515,
          "sanityPass": true,
          "stabilityPass": false,
          "lastError": null,
          "wallMs": 712
        },
        {
          "fixture": "hnw-full-grid.json",
          "target": 0.96,
          "seedRtps": [
            3.291884000000072,
            3.3795960000001255,
            3.236220000000088,
            3.329884000000083
          ],
          "mean": 3.3093960000000924,
          "stdDev": 0.06057831092617678,
          "sanityPass": true,
          "stabilityPass": false,
          "lastError": null,
          "wallMs": 1363
        },
        {
          "fixture": "hnw-classic.json",
          "target": 0.96,
          "seedRtps": [
            1.5861120000000066,
            1.5948240000000067,
            1.6064280000000009,
            1.6287160000000047
          ],
          "mean": 1.6040200000000047,
          "stdDev": 0.018447707716677402,
          "sanityPass": true,
          "stabilityPass": true,
          "lastError": null,
          "wallMs": 515
        }
      ],
      "passed": true
    },
    {
      "id": "persistent_mult_symbol_upgrade",
      "name": "Persistent multiplier + symbol upgrade FS",
      "fixtures": [
        "symbol-upgrade.json",
        "fs-multiplier-ladder.json"
      ],
      "engine_path": "symbol-upgrade behavior + persistent FS multiplier ladder",
      "fixtureRows": [
        {
          "fixture": "symbol-upgrade.json",
          "target": 0.96,
          "seedRtps": [
            311.44181199999537,
            309.93180799999556,
            311.6519039999951,
            306.6356039999961
          ],
          "mean": 309.9152819999955,
          "stdDev": 2.316801725377642,
          "sanityPass": true,
          "stabilityPass": false,
          "lastError": null,
          "wallMs": 563
        },
        {
          "fixture": "fs-multiplier-ladder.json",
          "target": 0.96,
          "seedRtps": [
            7.701307999999797,
            7.815807999999753,
            7.709283999999782,
            8.048003999999773
          ],
          "mean": 7.818600999999775,
          "stdDev": 0.16159763983011713,
          "sanityPass": true,
          "stabilityPass": false,
          "lastError": null,
          "wallMs": 795
        }
      ],
      "passed": true
    },
    {
      "id": "sticky_wilds_multimode_fs",
      "name": "Sticky wilds + multi-mode FS",
      "fixtures": [
        "fs-sticky-wilds.json"
      ],
      "engine_path": "sticky-wild behavior + FS multi-mode dispatcher",
      "fixtureRows": [
        {
          "fixture": "fs-sticky-wilds.json",
          "target": 0.96,
          "seedRtps": [
            2.272384000000082,
            2.274668000000082,
            2.234024000000076,
            2.1911280000000737
          ],
          "mean": 2.2430510000000785,
          "stdDev": 0.03931727455797241,
          "sanityPass": true,
          "stabilityPass": true,
          "lastError": null,
          "wallMs": 768
        }
      ],