{
  "all_gates_pass": true,
  "bet_per_spin": 117649.0,
  "delta_pp": 433.2920312402632,
  "fs_trigger_rate": 0.046438,
  "gates": {
    "fs_trigger_rate_in_open_unit": true,
    "n_triggers_positive": true,
    "rtp_total_finite": true,
    "rtp_total_non_negative": true,
    "total_fs_awarded_positive": true
  },
  "gates_passed": 5,
  "gates_total": 5,
  "n_spins": 10000000,
  "n_triggers": 464380,
  "reference_total": 0.96,
  "rtp_base": 0.3143260128863712,
  "rtp_fs": 4.978540485144698,
  "rtp_scatter": 5.3814371562869214e-05,
  "rtp_total": 5.292920312402632,
  "seed": 12345,
  "tolerance_pp": 20.0,
  "total_fs_awarded": 5773072,
  "total_wager": 1176490000000.0
}