{
  "totalSpins": 10000000000,
  "walltimeSec": 1546,
  "workerCount": 10,
  "rtpPct": 96.18316365282699,
  "buckets": {
    "baseLineWins": 0.27819467190306374,
    "scatterPays": 0.0175155871,
    "lightningUplift": 0.0677597497256785,
    "freeSpins": 0.20011712629340944,
    "holdAndWin": 0.3982445024
  },
  "target": {
    "rtp": 96.0232,
    "base": 27.8188,
    "scatter": 1.7522,
    "lightning": 6.775,
    "fs": 20.0922,
    "hnw": 39.6979,
    "fsFreq": 117.98,
    "hnwFreq": 110.91,
    "totalRtp": 96.136
  },
  "fsFreq": 117.67541306041048,
  "hnwFreq": 110.96823088298686,
  "maxWin": 2020,
  "workerRtps": [
    96.21056260004109,
    96.13958203111753,
    96.23047180824254,
    96.16700257492958,
    96.16184890301595,
    96.15789223029994,
    96.19785591619593,
    96.15758777600114,
    96.23498377207925,
    96.17384891634697
  ],
  "crossStderrPp": 0.010479791439966512
}