{"mean":{"confidence_interval":{"confidence_level":0.95,"lower_bound":373558604.2,"upper_bound":381000640.98625},"point_estimate":376321658.35,"standard_error":2142218.69334019},"median":{"confidence_interval":{"confidence_level":0.95,"lower_bound":373364364.5,"upper_bound":375847333.25},"point_estimate":373606489.75,"standard_error":784444.781048457},"median_abs_dev":{"confidence_interval":{"confidence_level":0.95,"lower_bound":75628.16595733166,"upper_bound":3130664.034819603},"point_estimate":444903.7892013788,"standard_error":943428.1520975156},"slope":null,"std_dev":{"confidence_interval":{"confidence_level":0.95,"lower_bound":323712.7200943209,"upper_bound":10913897.660094896},"point_estimate":7116777.329730528,"standard_error":3533904.1201941934}}